Workbook

Sheet Info
A1: Junction Name | B1: Junction ID | C1: API Key Label | D1: Vertices | E1: Start Time | F1: End Time | G1: Duration | H1: Interval | I1: Expected Iterations | J1: Completed Iterations | K1: Approach Records | L1: Turn Ratio Records | M1: Successful Requests | N1: Failed Requests | O1: Status
A2: Point30 | B2: 6ab9df3984bc64f59d62c7d7 | C2: *** | D2: 3 | E2: 2026-09-28 06:34:20 | F2: 2026-09-28 10:01:42 | G2: 03:30:00 | H2: 00:05:00 | I2: 42 | J2: 42 | K2: 126 | L2: 234 | M2: 42 | N2: 0 | O2: Completed

Sheet Approaches
A1: time | B1: junctionId | C1: junctionName | D1: approachId | E1: approachName | F1: travelTimeSec | G1: freeFlowTravelTimeSec | H1: delaySec | I1: usualDelaySec | J1: stops | K1: queueLengthMeters | L1: volumePerHour | M1: isClosed | N1: stopsHistogram | O1: type | P1: segmentGeometryWKT
A2: 2026-09-28 06:34:21 | B2: 6ab9df3984bc64f59d62c7d7 | C2: Point30 | D2: 859140299 | E2: West Bound | F2: 41 | G2: 41 | H2: 0 | I2: 0 | J2: 0 | K2: 0 | L2: 0 | M2: FALSE | N2: {"entries": []} | O2: APPROACH | P2: MULTILINESTRING ((31.64612 30.09728, 31.64583 30.09732, 31.64561 30.09735, 31.64513 30.09738, 31.64495 30.09739, 31.64477 30.0974, 31.64442 30.09742), (31.64442 30.09742, 31.64421 30.09741, 31.64396 30.09741), (31.64396 30.09741, 31.64374 30.09741), (31.64374 30.09741, 31.64359 30.09741, 31.64328 30.09743))
A3: 2026-09-28 06:34:21 | B3: 6ab9df3984bc64f59d62c7d7 | C3: Point30 | D3: 283718949 | E3: East Bound | F3: 19 | G3: 28 | H3: 0 | I3: 0 | J3: 0 | K3: 0 | L3: 100 | M3: FALSE | N3: {"entries": [{"numberOfStops": 0, "numberOfVehicles": 2}]} | O3: APPROACH | P3: MULTILINESTRING ((31.64079 30.09684, 31.64099 30.09687, 31.64154 30.09696, 31.64167 30.09698, 31.64178 30.09699), (31.64178 30.09699, 31.64213 30.09705, 31.64225 30.09706), (31.64225 30.09706, 31.64235 30.09707, 31.6424 30.09707, 31.64264 30.09707, 31.6427 30.09706))
A4: 2026-09-28 06:34:21 | B4: 6ab9df3984bc64f59d62c7d7 | C4: Point30 | D4: 644563378 | E4: South Bound | F4: 26 | G4: 30 | H4: 0 | I4: 0 | J4: 0 | K4: 0 | L4: 0 | M4: FALSE | N4: {"entries": []} | O4: APPROACH | P4: MULTILINESTRING ((31.64292 30.09937, 31.64293 30.09923), (31.64293 30.09923, 31.64293 30.09873, 31.64294 30.09861), (31.64294 30.09861, 31.64294 30.09855), (31.64294 30.09855, 31.64294 30.0982), (31.64294 30.0982, 31.64294 30.09807, 31.64293 30.09788, 31.6429 30.09776, 31.64282 30.09751))
A5: 2026-09-28 06:39:24 | B5: 6ab9df3984bc64f59d62c7d7 | C5: Point30 | D5: 859140299 | E5: West Bound | F5: 38 | G5: 41 | H5: 0 | I5: 0 | J5: 0 | K5: 0 | L5: 40 | M5: FALSE | N5: {"entries": [{"numberOfStops": 0, "numberOfVehicles": 1}]} | O5: APPROACH | P5: MULTILINESTRING ((31.64612 30.09728, 31.64583 30.09732, 31.64561 30.09735, 31.64513 30.09738, 31.64495 30.09739, 31.64477 30.0974, 31.64442 30.09742), (31.64442 30.09742, 31.64421 30.09741, 31.64396 30.09741), (31.64396 30.09741, 31.64374 30.09741), (31.64374 30.09741, 31.64359 30.09741, 31.64328 30.09743))
A6: 2026-09-28 06:39:24 | B6: 6ab9df3984bc64f59d62c7d7 | C6: Point30 | D6: 283718949 | E6: East Bound | F6: 19 | G6: 28 | H6: 0 | I6: 0 | J6: 0 | K6: 0 | L6: 70 | M6: FALSE | N6: {"entries": [{"numberOfStops": 0, "numberOfVehicles": 2}]} | O6: APPROACH | P6: MULTILINESTRING ((31.64079 30.09684, 31.64099 30.09687, 31.64154 30.09696, 31.64167 30.09698, 31.64178 30.09699), (31.64178 30.09699, 31.64213 30.09705, 31.64225 30.09706), (31.64225 30.09706, 31.64235 30.09707, 31.6424 30.09707, 31.64264 30.09707, 31.6427 30.09706))
A7: 2026-09-28 06:39:24 | B7: 6ab9df3984bc64f59d62c7d7 | C7: Point30 | D7: 644563378 | E7: South Bound | F7: 26 | G7: 30 | H7: 0 | I7: 0 | J7: 0 | K7: 0 | L7: 0 | M7: FALSE | N7: {"entries": []} | O7: APPROACH | P7: MULTILINESTRING ((31.64292 30.09937, 31.64293 30.09923), (31.64293 30.09923, 31.64293 30.09873, 31.64294 30.09861), (31.64294 30.09861, 31.64294 30.09855), (31.64294 30.09855, 31.64294 30.0982), (31.64294 30.0982, 31.64294 30.09807, 31.64293 30.09788, 31.6429 30.09776, 31.64282 30.09751))
A8: 2026-09-28 06:44:27 | B8: 6ab9df3984bc64f59d62c7d7 | C8: Point30 | D8: 859140299 | E8: West Bound | F8: 25 | G8: 41 | H8: 0 | I8: 0 | J8: 0 | K8: 0 | L8: 126 | M8: FALSE | N8: {"entries": [{"numberOfStops": 0, "numberOfVehicles": 3}]} | O8: APPROACH | P8: MULTILINESTRING ((31.64612 30.09728, 31.64583 30.09732, 31.64561 30.09735, 31.64513 30.09738, 31.64495 30.09739, 31.64477 30.0974, 31.64442 30.09742), (31.64442 30.09742, 31.64421 30.09741, 31.64396 30.09741), (31.64396 30.09741, 31.64374 30.09741), (31.64374 30.09741, 31.64359 30.09741, 31.64328 30.09743))
A9: 2026-09-28 06:44:27 | B9: 6ab9df3984bc64f59d62c7d7 | C9: Point30 | D9: 283718949 | E9: East Bound | F9: 20 | G9: 28 | H9: 0 | I9: 0 | J9: 0 | K9: 0 | L9: 42 | M9: FALSE | N9: {"entries": [{"numberOfStops": 0, "numberOfVehicles": 1}]} | O9: APPROACH | P9: MULTILINESTRING ((31.64079 30.09684, 31.64099 30.09687, 31.64154 30.09696, 31.64167 30.09698, 31.64178 30.09699), (31.64178 30.09699, 31.64213 30.09705, 31.64225 30.09706), (31.64225 30.09706, 31.64235 30.09707, 31.6424 30.09707, 31.64264 30.09707, 31.6427 30.09706))
A10: 2026-09-28 06:44:27 | B10: 6ab9df3984bc64f59d62c7d7 | C10: Point30 | D10: 644563378 | E10: South Bound | F10: 26 | G10: 30 | H10: 0 | I10: 0 | J10: 0 | K10: 0 | L10: 0 | M10: FALSE | N10: {"entries": []} | O10: APPROACH | P10: MULTILINESTRING ((31.64292 30.09937, 31.64293 30.09923), (31.64293 30.09923, 31.64293 30.09873, 31.64294 30.09861), (31.64294 30.09861, 31.64294 30.09855), (31.64294 30.09855, 31.64294 30.0982), (31.64294 30.0982, 31.64294 30.09807, 31.64293 30.09788, 31.6429 30.09776, 31.64282 30.09751))
A11: 2026-09-28 06:49:30 | B11: 6ab9df3984bc64f59d62c7d7 | C11: Point30 | D11: 859140299 | E11: West Bound | F11: 24 | G11: 41 | H11: 0 | I11: 0 | J11: 0 | K11: 0 | L11: 149 | M11: FALSE | N11: {"entries": [{"numberOfStops": 0, "numberOfVehicles": 5}]} | O11: APPROACH | P11: MULTILINESTRING ((31.64612 30.09728, 31.64583 30.09732, 31.64561 30.09735, 31.64513 30.09738, 31.64495 30.09739, 31.64477 30.0974, 31.64442 30.09742), (31.64442 30.09742, 31.64421 30.09741, 31.64396 30.09741), (31.64396 30.09741, 31.64374 30.09741), (31.64374 30.09741, 31.64359 30.09741, 31.64328 30.09743))
A12: 2026-09-28 06:49:30 | B12: 6ab9df3984bc64f59d62c7d7 | C12: Point30 | D12: 283718949 | E12: East Bound | F12: 20 | G12: 28 | H12: 0 | I12: 0 | J12: 0 | K12: 0 | L12: 0 | M12: FALSE | N12: {"entries": []} | O12: APPROACH | P12: MULTILINESTRING ((31.64079 30.09684, 31.64099 30.09687, 31.64154 30.09696, 31.64167 30.09698, 31.64178 30.09699), (31.64178 30.09699, 31.64213 30.09705, 31.64225 30.09706), (31.64225 30.09706, 31.64235 30.09707, 31.6424 30.09707, 31.64264 30.09707, 31.6427 30.09706))
A13: 2026-09-28 06:49:30 | B13: 6ab9df3984bc64f59d62c7d7 | C13: Point30 | D13: 644563378 | E13: South Bound | F13: 26 | G13: 30 | H13: 0 | I13: 0 | J13: 0 | K13: 0 | L13: 0 | M13: FALSE | N13: {"entries": []} | O13: APPROACH | P13: MULTILINESTRING ((31.64292 30.09937, 31.64293 30.09923), (31.64293 30.09923, 31.64293 30.09873, 31.64294 30.09861), (31.64294 30.09861, 31.64294 30.09855), (31.64294 30.09855, 31.64294 30.0982), (31.64294 30.0982, 31.64294 30.09807, 31.64293 30.09788, 31.6429 30.09776, 31.64282 30.09751))
... A127: 2026-09-28 10:01:42 | B127: 6ab9df3984bc64f59d62c7d7 | C127: Point30 | D127: 644563378 | E127: South Bound | F127: 31 | G127: 30 | H127: 1 | I127: 0 | J127: 0 | K127: 0 | L127: 109 | M127: FALSE | N127: {"entries": [{"numberOfStops": 0, "numberOfVehicles": 2}]} | O127: APPROACH | P127: MULTILINESTRING ((31.64292 30.09937, 31.64293 30.09923), (31.64293 30.09923, 31.64293 30.09873, 31.64294 30.09861), (31.64294 30.09861, 31.64294 30.09855), (31.64294 30.09855, 31.64294 30.0982), (31.64294 30.0982, 31.64294 30.09807, 31.64293 30.09788, 31.6429 30.09776, 31.64282 30.09751))

Sheet TurnRatios
A1: time | B1: junctionId | C1: junctionName | D1: approachId | E1: approachName | F1: exitId | G1: exitName | H1: exitIndex | I1: ratioPercent | J1: volumePerExit | K1: probesCount | L1: type | M1: segmentGeometryWKT
A2: 2026-09-28 06:34:21 | B2: 6ab9df3984bc64f59d62c7d7 | C2: Point30 | D2: 283718949 | E2: East Bound | F2: -919574750 | G2: East Bound | H2: 1 | I2: 100 | J2: =IFERROR(ROUND(AVERAGEIFS(Approaches!$L:$L, Approaches!$A:$A, A2, Approaches!$B:$B, B2, Approaches!$C:$C, C2, Approaches!$D:$D, D2, Approaches!$E:$E, E2) * I2 / 100, 0), "") -> 100 | K2: 1 | L2: EXIT | M2: MULTILINESTRING ((31.6433 30.09711, 31.64356 30.09721, 31.64363 30.09724))
A3: 2026-09-28 06:39:24 | B3: 6ab9df3984bc64f59d62c7d7 | C3: Point30 | D3: 859140299 | E3: West Bound | F3: 1819666018 | G3: West Bound | H3: 2 | I3: 100 | J3: =IFERROR(ROUND(AVERAGEIFS(Approaches!$L:$L, Approaches!$A:$A, A3, Approaches!$B:$B, B3, Approaches!$C:$C, C3, Approaches!$D:$D, D3, Approaches!$E:$E, E3) * I3 / 100, 0), "") -> 40 | K3: 1 | L3: EXIT | M3: MULTILINESTRING ((31.64266 30.09729, 31.64237 30.09724, 31.6422 30.09721))
A4: 2026-09-28 06:39:24 | B4: 6ab9df3984bc64f59d62c7d7 | C4: Point30 | D4: 283718949 | E4: East Bound | F4: -919574750 | G4: East Bound | H4: 1 | I4: 100 | J4: =IFERROR(ROUND(AVERAGEIFS(Approaches!$L:$L, Approaches!$A:$A, A4, Approaches!$B:$B, B4, Approaches!$C:$C, C4, Approaches!$D:$D, D4, Approaches!$E:$E, E4) * I4 / 100, 0), "") -> 70 | K4: 1 | L4: EXIT | M4: MULTILINESTRING ((31.6433 30.09711, 31.64356 30.09721, 31.64363 30.09724))
A5: 2026-09-28 06:44:27 | B5: 6ab9df3984bc64f59d62c7d7 | C5: Point30 | D5: 859140299 | E5: West Bound | F5: 1819666018 | G5: West Bound | H5: 2 | I5: 100 | J5: =IFERROR(ROUND(AVERAGEIFS(Approaches!$L:$L, Approaches!$A:$A, A5, Approaches!$B:$B, B5, Approaches!$C:$C, C5, Approaches!$D:$D, D5, Approaches!$E:$E, E5) * I5 / 100, 0), "") -> 126 | K5: 2 | L5: EXIT | M5: MULTILINESTRING ((31.64266 30.09729, 31.64237 30.09724, 31.6422 30.09721))
A6: 2026-09-28 06:44:27 | B6: 6ab9df3984bc64f59d62c7d7 | C6: Point30 | D6: 283718949 | E6: East Bound | F6: -919574750 | G6: East Bound | H6: 1 | I6: 100 | J6: =IFERROR(ROUND(AVERAGEIFS(Approaches!$L:$L, Approaches!$A:$A, A6, Approaches!$B:$B, B6, Approaches!$C:$C, C6, Approaches!$D:$D, D6, Approaches!$E:$E, E6) * I6 / 100, 0), "") -> 42 | K6: 1 | L6: EXIT | M6: MULTILINESTRING ((31.6433 30.09711, 31.64356 30.09721, 31.64363 30.09724))
A7: 2026-09-28 06:49:30 | B7: 6ab9df3984bc64f59d62c7d7 | C7: Point30 | D7: 859140299 | E7: West Bound | F7: 1819666018 | G7: West Bound | H7: 2 | I7: 100 | J7: =IFERROR(ROUND(AVERAGEIFS(Approaches!$L:$L, Approaches!$A:$A, A7, Approaches!$B:$B, B7, Approaches!$C:$C, C7, Approaches!$D:$D, D7, Approaches!$E:$E, E7) * I7 / 100, 0), "") -> 149 | K7: 4 | L7: EXIT | M7: MULTILINESTRING ((31.64266 30.09729, 31.64237 30.09724, 31.6422 30.09721))
A8: 2026-09-28 06:49:30 | B8: 6ab9df3984bc64f59d62c7d7 | C8: Point30 | D8: 283718949 | E8: East Bound | F8: -919574750 | G8: East Bound | H8: 1 | I8: 100 | J8: =IFERROR(ROUND(AVERAGEIFS(Approaches!$L:$L, Approaches!$A:$A, A8, Approaches!$B:$B, B8, Approaches!$C:$C, C8, Approaches!$D:$D, D8, Approaches!$E:$E, E8) * I8 / 100, 0), "") -> 0 | K8: 1 | L8: EXIT | M8: MULTILINESTRING ((31.6433 30.09711, 31.64356 30.09721, 31.64363 30.09724))
A9: 2026-09-28 06:54:33 | B9: 6ab9df3984bc64f59d62c7d7 | C9: Point30 | D9: 859140299 | E9: West Bound | F9: 1819666018 | G9: West Bound | H9: 2 | I9: 100 | J9: =IFERROR(ROUND(AVERAGEIFS(Approaches!$L:$L, Approaches!$A:$A, A9, Approaches!$B:$B, B9, Approaches!$C:$C, C9, Approaches!$D:$D, D9, Approaches!$E:$E, E9) * I9 / 100, 0), "") -> 267 | K9: 6 | L9: EXIT | M9: MULTILINESTRING ((31.64266 30.09729, 31.64237 30.09724, 31.6422 30.09721))
A10: 2026-09-28 06:54:33 | B10: 6ab9df3984bc64f59d62c7d7 | C10: Point30 | D10: 283718949 | E10: East Bound | F10: -919574750 | G10: East Bound | H10: 1 | I10: 100 | J10: =IFERROR(ROUND(AVERAGEIFS(Approaches!$L:$L, Approaches!$A:$A, A10, Approaches!$B:$B, B10, Approaches!$C:$C, C10, Approaches!$D:$D, D10, Approaches!$E:$E, E10) * I10 / 100, 0), "") -> 0 | K10: 1 | L10: EXIT | M10: MULTILINESTRING ((31.6433 30.09711, 31.64356 30.09721, 31.64363 30.09724))
A11: 2026-09-28 06:59:37 | B11: 6ab9df3984bc64f59d62c7d7 | C11: Point30 | D11: 859140299 | E11: West Bound | F11: 1819666018 | G11: West Bound | H11: 2 | I11: 100 | J11: =IFERROR(ROUND(AVERAGEIFS(Approaches!$L:$L, Approaches!$A:$A, A11, Approaches!$B:$B, B11, Approaches!$C:$C, C11, Approaches!$D:$D, D11, Approaches!$E:$E, E11) * I11 / 100, 0), "") -> 423 | K11: 8 | L11: EXIT | M11: MULTILINESTRING ((31.64266 30.09729, 31.64237 30.09724, 31.6422 30.09721))
A12: 2026-09-28 06:59:37 | B12: 6ab9df3984bc64f59d62c7d7 | C12: Point30 | D12: 283718949 | E12: East Bound | F12: -703819978 | G12: North Bound | H12: 0 | I12: 50 | J12: =IFERROR(ROUND(AVERAGEIFS(Approaches!$L:$L, Approaches!$A:$A, A12, Approaches!$B:$B, B12, Approaches!$C:$C, C12, Approaches!$D:$D, D12, Approaches!$E:$E, E12) * I12 / 100, 0), "") -> 0 | K12: 1 | L12: EXIT | M12: MULTILINESTRING ((31.64315 30.09754, 31.6431 30.09773, 31.64309 30.09785, 31.64308 30.098))
A13: 2026-09-28 06:59:37 | B13: 6ab9df3984bc64f59d62c7d7 | C13: Point30 | D13: 283718949 | E13: East Bound | F13: -919574750 | G13: East Bound | H13: 1 | I13: 50 | J13: =IFERROR(ROUND(AVERAGEIFS(Approaches!$L:$L, Approaches!$A:$A, A13, Approaches!$B:$B, B13, Approaches!$C:$C, C13, Approaches!$D:$D, D13, Approaches!$E:$E, E13) * I13 / 100, 0), "") -> 0 | K13: 1 | L13: EXIT | M13: MULTILINESTRING ((31.6433 30.09711, 31.64356 30.09721, 31.64363 30.09724))
... A235: 2026-09-28 10:01:42 | B235: 6ab9df3984bc64f59d62c7d7 | C235: Point30 | D235: 644563378 | E235: South Bound | F235: 1819666018 | G235: West Bound | H235: 2 | I235: 33 | J235: =IFERROR(ROUND(AVERAGEIFS(Approaches!$L:$L, Approaches!$A:$A, A235, Approaches!$B:$B, B235, Approaches!$C:$C, C235, Approaches!$D:$D, D235, Approaches!$E:$E, E235) * I235 / 100, 0), "") -> 36 | K235: 1 | L235: EXIT | M235: MULTILINESTRING ((31.64266 30.09729, 31.64237 30.09724, 31.6422 30.09721))

Sheet Errors
A1: time | B1: junctionName | C1: junctionId | D1: errorType | E1: message
